{
  "training_date": "2025-11-19T12:12:37.929287",
  "model_architecture": {
    "time_steps": 120,
    "batch_size": 32,
    "epochs": 50,
    "learning_rate": 0.001
  },
  "features": [
    "turbidity_influent_t_minus_10h",
    "flow_rate_influent_t_minus_10h",
    "ph_aeration_basin_t_minus_5h",
    "do_aeration_basin_t_minus_5h",
    "temp_influent_t_minus_10h",
    "fan_speed_control_t_minus_5h"
  ],
  "targets": [
    "tss_effluent_mgL",
    "cod_effluent_mgL",
    "bod_effluent_mgL"
  ],
  "final_loss": 0.04630608484148979,
  "final_val_loss": 0.05500856041908264,
  "metrics": {
    "train": {
      "TSS": {
        "RMSE": 3.282354926364283,
        "MAE": 2.3717747132115146,
        "R2": 0.5085845063885011,
        "MAPE": 43.80399464466933
      },
      "COD": {
        "RMSE": 7.3415204760464015,
        "MAE": 4.636880322480488,
        "R2": 0.5328069462439649,
        "MAPE": 14.722440767210154
      },
      "BOD": {
        "RMSE": 0.44262841649942625,
        "MAE": 0.33331302568117255,
        "R2": 0.5009538954957149,
        "MAPE": 12.182137408833906
      }
    },
    "validation": {
      "TSS": {
        "RMSE": 3.5397508344334145,
        "MAE": 2.549601310699002,
        "R2": 0.5117542872018834,
        "MAPE": 48.401402460773404
      },
      "COD": {
        "RMSE": 8.026474135932434,
        "MAE": 5.346619065037153,
        "R2": 0.4391259017207826,
        "MAPE": 16.489321909264678
      },
      "BOD": {
        "RMSE": 0.44808588973705055,
        "MAE": 0.34456902749454216,
        "R2": 0.5108214230146204,
        "MAPE": 13.035031775812502
      }
    },
    "test": {
      "TSS": {
        "RMSE": 3.1430679372135,
        "MAE": 2.160607783964658,
        "R2": 0.5585290424240763,
        "MAPE": 37.306291949245676
      },
      "COD": {
        "RMSE": 6.914769371716044,
        "MAE": 4.316405159580735,
        "R2": 0.5320019835053453,
        "MAPE": 12.681563671011173
      },
      "BOD": {
        "RMSE": 0.43496360634086717,
        "MAE": 0.32630168565556883,
        "R2": 0.5205646653033331,
        "MAPE": 11.842346351563485
      }
    }
  }
}